episode,return,avg_speed_kmh,avg_queue_m
1,4980.99746,56.94095512450878,154.32642959073425
2,4812.701557,54.203142663797536,140.97296359287466
3,4997.566107,56.970438639813814,153.24054415360166
4,4855.239206,54.609376445672375,141.49049731127795
5,4821.94317,55.5482257448859,153.65365997803062
6,4964.574879,57.304284026334045,159.32826705113087
7,4955.864538,57.45577810876803,161.56906960281603
8,5075.879454,56.76866621164904,144.69670758177483
9,5103.778798,58.45208403906004,159.20594054046379
10,4882.758908,55.126375638214725,144.3671807286312
11,4850.339145,54.81258840081681,143.93095525413864
12,4915.12987,56.19921269678348,152.39797110669468
13,4782.746294,54.90744751429683,150.51228400334034
14,4925.368849,55.53858171191089,144.93841304505833
15,4910.17128,55.521811495590676,146.0371749696577
16,4940.414543,55.66768360376672,144.97562408115252
17,4909.683663,55.60440183805551,146.90371312081436
18,5108.146134,58.054101070308434,154.86216623968605
19,5082.854279,59.022740658264965,166.65621666592196
20,4784.3282,55.66959609244121,158.00194425406704
21,5007.58941,57.98433605155075,162.54424297532574
22,4948.438211,57.24023486392269,160.03249769371723
23,4851.076838,56.5344361912256,161.08795878031802
24,4988.53666,56.85024585336473,152.7910702287864
25,5070.065572,58.0196101596207,157.6906372833167
26,5037.299804,58.106821316099754,161.293229515228
27,4875.618514,55.31870054959144,146.8854626826073
28,4888.578539,56.619362275135764,158.81207779967002
29,5242.692824,59.72877473228116,160.39667868693815
30,5085.263492,58.16631119885022,157.89115429654657
31,4890.857197,57.112306626111746,163.55163319100123
32,4958.781512,56.57113584573075,152.47956576772316
33,5181.500211,59.80954422737161,166.30375804480275
34,4983.088746,57.389594129980836,158.6385457949469
35,5403.253661,61.25987815887443,162.3276431855503
36,5169.740161,59.40176574347502,163.20597731778878
37,4979.71812,57.269490235418495,157.71839232956918
38,4863.111599,56.99692292452714,164.70992929454752
39,4919.769958,56.328092911809605,153.30009925778626
40,5209.560914,59.06581379590121,156.52806176496796
41,5120.80653,60.58657146345138,179.13183716589796
42,4815.427835,55.792352904074065,156.63787608479876
43,5237.178418,60.73100489309906,170.878514068219
44,5459.29931,62.2022152095665,167.08054290382844
45,5227.274183,59.42092117426428,158.60302984402503
46,4940.275264,57.273963189365986,161.0500265208183
47,4778.825957,54.39544135657258,145.7189171906796
48,5325.083496,61.61764623276866,172.41950432010546
49,4974.382973,56.96401577835802,155.1082433569573
50,5064.872565,59.41870818151692,172.1143680345463
51,4990.609255,58.698447803395695,171.1003734449757
52,4886.557431,57.193451996168484,164.72140069293818
53,5446.020281,62.141774921035996,167.58272578120645
54,5486.729057,63.318039280739626,175.95297137934085
55,5017.165618,59.2029628702587,173.9324938559681
56,5427.611327,61.74896706679259,165.18872677668358
57,4901.898121,55.99550076843666,151.4634975656116
58,5664.367741,64.71782543424798,175.14760927369662
59,5059.21797,59.44427574456363,172.84125996928353
60,5320.324329,61.93355451697005,175.97518441996834
61,5105.740628,60.194388871915315,176.46550301323677
62,5057.460828,58.65158726097763,165.0608036099028
63,4881.173092,56.711731849850274,160.35289415807202
64,5385.194451,61.998275868351136,171.2165544512147
65,5315.243914,61.248603533341004,169.54904246099395
66,4963.366517,57.29575593488789,159.3436829230867
67,5078.379946,59.09340216466442,167.73569284735575
68,5211.64048,60.377753656651,169.47416324600047
69,5496.660926,63.57199277251343,177.6648505842791
70,4880.479116,57.639299951669805,169.68640651930684
71,5165.504764,60.15552406409293,171.09651029846862
72,4808.930126,55.78844998188569,157.14032261672705
73,5468.305095,63.74750045605534,181.7829132991631
74,5133.455416,58.9571463723049,161.78351239697113
75,4980.934067,58.30522147232353,167.97437582993325
76,5271.311665,61.30308037281077,173.75483164435437
77,5031.818452,58.91991881706057,169.88098386238755
78,5300.583632,60.97845224418901,168.06921973738832
79,5137.544239,59.36040034122284,165.47531683774133
80,5089.538097,58.25626754492129,158.4345007222451
81,5130.283064,60.1457873143428,173.93428445349346
82,5155.573155,60.11732681502678,171.54217186535007
83,5048.909434,58.98890998088671,169.14664700374053
84,4966.131299,58.06681002464763,166.823825328526
85,5010.40145,58.34584959985732,165.92504186054109
86,5088.630588,58.486187980916945,160.80933077024918
87,4970.078435,58.498893383669156,170.81573089894295
88,5017.304064,57.21894184406343,154.08074640448206
89,4948.736749,57.32785347977965,160.88380572194893
90,4792.2552,55.4684460091257,155.32986005534298
91,5116.548156,58.29427847906498,156.56377183186743
92,5191.849915,59.73868152188454,164.7326556265996
93,5002.613318,57.55856037489378,158.70116055169677
94,4968.217875,57.445999493036865,160.44183868095595
95,4992.809057,57.490579110800894,158.8383696987638
96,5107.887483,59.451117203936796,168.85388179359282
97,4888.958165,56.62393281102095,158.82614771015108
98,5215.280627,59.387639231834996,159.26967340672152
99,4890.393589,56.70171824406081,159.48438334199133
100,4933.103099,56.94437452522094,158.35182034788505
101,5172.967288,59.56537937496908,164.57318641256717
102,5067.628527,58.74793340514377,165.17695678587333
103,5062.154069,59.16110921686033,169.76491977686004
104,5129.241675,59.851847637348484,171.0816700840326
105,4927.277403,57.19453036249073,161.3388533418852
106,5303.646775,60.96294115130804,167.658846912407
107,4976.970964,58.038829342419525,165.6407131226974
108,5050.752358,58.187905179856514,160.98302195825767
109,5150.183015,59.86547527105563,169.47283478943558
110,4948.610027,57.00479086391818,157.66373968166832
111,5062.110483,58.25384354215628,160.69589514808334
112,4914.788142,56.77918113076759,158.226132807455
113,5141.756658,58.751032126036236,159.03059976629737
114,5153.562789,59.36494148691585,164.1858491189044
115,5188.127004,59.985722503570045,167.513308071508
116,4995.938327,58.012429339347484,163.79609944200553
117,5208.145484,60.84006130714797,174.3884893833163
118,5119.309503,59.45233438866457,167.91421865308948
119,4950.402348,58.096162756573946,168.42809853299784
120,5307.814282,60.94722397206004,167.15438290643584
121,4974.965357,58.49975076135861,170.41706120608765
122,5089.55228,59.98760880421934,175.74673141038414
123,5245.598811,60.377298059842275,166.6397463514895
124,5389.857844,62.09642325062377,171.80941221047354
125,5244.908198,60.95687193075496,172.49303610906614
126,5201.85983,59.8717848478414,165.22952931314285
127,4780.137265,55.838110675183096,160.03633470120744
128,5218.06453,59.52570673688876,160.41835650105483
129,5107.286108,59.28804346353377,167.27325894355405
130,4970.309419,57.09583936652609,156.76594207548285
131,4916.745514,56.77075603641312,157.97876752281925
132,4973.067794,58.33177331143442,168.895416978775
133,5223.743686,60.22741733184348,166.9621994969733
134,5190.347104,60.403273178747696,171.50380647886044
135,5214.032257,59.32378029054973,158.73511481819932
136,5055.420301,58.665177973841764,165.3667546876445
137,5020.598488,58.29731677417417,164.58996043553154
138,5226.275762,59.468057016127744,159.15759000955345
139,4864.414806,56.826985696940895,162.9019564432169
140,5078.451218,58.55984051558832,162.39413695323069
141,5020.203368,57.65584824938323,158.20820181075518
142,5183.117462,59.077104521121704,158.84459002310177
143,5279.771832,61.02053081373824,170.22432217581445
144,5210.316574,59.028982926870704,156.0967813995557
145,5188.963584,60.150565337136655,169.09202141150453
146,5085.700234,59.73387893718534,173.53043656818664
147,5082.242971,59.36681770763334,170.14792949935156
148,5146.179159,59.92952875967016,170.4470243125262
149,5140.091937,59.30982075501073,164.75721276674585
150,4937.849317,57.604797709527396,164.56053404964274
151,5138.389691,57.960883794739765,151.40969707018132
152,5347.816548,60.996078553720615,164.30940653576175
153,5113.324588,58.42079812493899,158.09759895124606
154,4744.077454,54.83437789175132,153.0039910789085
155,5015.560618,57.423995222365086,156.2765674206336
156,5577.283795,62.31323978666505,158.3587482980365
157,5115.845793,58.41905846699246,157.87010190124212
158,4928.769096,56.29201106667421,152.18935268292432
159,4997.224512,56.319573778475075,146.76036178787007
160,4729.961713,54.68866224101395,152.7231463320631
161,5173.536064,59.01976766013561,159.06967124016805
162,4773.218655,55.132448198504285,153.55626075359802
163,4973.09693,56.85446694647849,154.1199253188004
164,5127.751701,58.146737632145765,154.15473453182526
165,4917.826005,56.09717093054392,151.15287552760245
166,5218.474673,59.705582968650056,162.1829402625827
167,5070.270112,57.217921989157034,149.65671055322355
168,5353.967835,61.273674032517455,166.57275407962976
169,4948.149718,56.01896838766412,147.8438740823743
170,4941.467229,56.59963686658248,154.20743289032427
171,4984.504015,56.06731866851854,145.2978520945499
172,5217.234692,59.52981010632156,160.5285434132554
173,5088.170861,58.30935844536156,159.07934600049902
174,5247.353466,60.89433332851453,171.6638777951305
175,5163.215504,59.28439182028486,162.5759595500832
176,5253.54913,59.43869072389305,156.59114639431144
177,5229.0801,58.85690112891758,152.812336330519
178,4958.586867,56.93034326146948,156.08786039286304
179,5100.549449,57.95896177679846,154.5438303623883
180,5316.139839,60.617758719142536,163.16593395232178
181,5014.074386,57.82211305957687,160.3815984281745
182,5111.96517,59.099827729771405,165.00117981074604
183,5328.212479,60.49192771682987,160.90157056132156
184,5310.540472,60.61250733746525,163.58003406068474
185,5118.468968,58.7534937185267,160.99585654336695
186,4801.760426,55.122243086666685,151.07572865971022
187,5154.862249,58.62794865147537,156.7076324287586
188,5358.860158,60.44338789417514,157.862199107639
189,4814.38948,54.39103695468353,142.7112462015975
190,4810.309497,55.75831946177206,156.7240698912698
191,4868.152907,54.78100605105756,142.1306515589741
192,5126.555806,57.84012891933835,151.18830537719998
193,5250.303997,59.19564240338211,154.43109097748763
194,4944.495536,56.76997368464076,155.65844214212208
195,4852.112671,55.801375019282055,153.67102760856713
196,4975.882787,56.557701116315364,150.9201122244226
197,5096.37805,57.66654389188635,151.9672680849295
198,5080.646877,57.41071743970497,150.71993466092852
199,5352.949263,59.949852156198396,153.41941634706794
200,5208.107585,60.5890866701419,171.88190129458974
201,5203.064259,59.426941929209775,160.68073107805793
202,5027.653429,58.700830782122715,168.0371887172338
203,4734.634569,55.070232724393826,156.1494464680427
204,4899.686691,55.410836377017624,145.80113950987197
205,4928.478638,55.71216023737028,146.41504916728033
206,5025.019766,56.21144201689229,143.36277302585444
207,4953.751303,56.44845173583685,151.67190878232807
208,5216.027437,57.896666866731906,144.2977155519415
209,5132.916101,57.31961820278373,145.45317363666055
210,5024.644793,57.07269161385094,152.0065167591591
211,4725.740985,53.71823432196501,143.37059447119128
212,5103.609283,58.489434522015046,159.59357162248926
213,4891.582628,56.997753643971556,162.3456507600268
214,5086.288253,57.127352611078315,147.41617170561324
215,4949.771331,56.639420635162956,153.91326211919792
216,5217.291551,59.94436176139728,164.66932173834857
217,5194.098195,58.98586285394237,157.01711225047805
218,5027.893852,57.195878224170734,152.96762789825698
219,4989.634462,56.655802536656935,150.75515356325312
220,5077.972241,58.64668915217113,163.30253806811203
221,5001.628771,56.930364313924535,152.50124554912543
222,5200.837388,58.495553574563274,151.55242006470797
223,5646.357014,65.21721565319898,181.6424053587747
224,5439.261855,63.18678007157738,178.59597949204786
225,5664.914103,65.96396915013196,187.56351627379777
226,5595.564581,65.00902400676064,183.79319168641445
227,5763.435013,66.24536240231029,182.1673729394823
228,5587.896249,64.94016541620513,183.7436333823179
229,5621.40523,65.00301983369361,181.57976247418358
230,5505.433205,63.51328390110588,176.3467386152938
231,5184.154315,60.463636535558486,172.62350576685566
232,5696.759419,65.84884496131075,183.75849804751994
233,5329.121061,62.58801629728638,181.7867412459865
234,5624.088715,64.52114841446551,176.53742456319534
235,5734.824269,65.74254777338125,179.52345534134992
236,5745.252333,65.79921874903295,179.22115973715626
237,5660.223837,65.5419811961738,183.7344922262524
238,5702.083386,65.80190228290128,182.8454073568875
239,5549.976001,63.770921978587936,175.21121966738545
240,5801.435499,66.51150264888118,181.66206827198815
241,5801.435499,66.51150264888118,181.66206827198815
242,5801.435499,66.51150264888118,181.66206827198815
243,5801.435499,66.51150264888118,181.66206827198815
244,5801.435499,66.51150264888118,181.66206827198815
245,5801.435499,66.51150264888118,181.66206827198815
246,5801.435499,66.51150264888118,181.66206827198815
247,5801.435499,66.51150264888118,181.66206827198815
248,5801.435499,66.51150264888118,181.66206827198815
249,5801.435499,66.51150264888118,181.66206827198815
250,5801.435499,66.51150264888118,181.66206827198815
251,5801.435499,66.51150264888118,181.66206827198815
252,5801.435499,66.51150264888118,181.66206827198815
253,5801.435499,66.51150264888118,181.66206827198815
254,5801.435499,66.51150264888118,181.66206827198815
255,5801.435499,66.51150264888118,181.66206827198815
256,5801.435499,66.51150264888118,181.66206827198815
257,5135.368622,58.79161810605184,159.96879592812147
258,5139.857516,58.540882213701984,157.08736250478432
259,4882.26431,56.72713474674012,160.41598834046178
260,4977.898484,56.7549008629808,152.72413497215624
261,5303.718422,60.51312307676642,163.15469562354215
262,4945.280305,56.11238901851969,149.01719806336416
263,5229.809546,59.12934377000001,155.47597549479386
264,5313.376381,60.415092270793096,161.36955764157616
265,5196.811383,59.552943170712915,162.4618164243404
266,4838.850502,55.328090846214565,150.043366600391
267,5181.562149,58.599089743974645,154.19405168371006
268,5092.259846,58.58721960639665,161.51720888996502
269,4971.426013,56.67468957307956,152.461394618544
270,5249.527701,60.1029014447754,163.56837272812766
271,5141.143339,58.933899584739976,160.9103842300614
272,5216.723431,59.384049875935865,159.1135462120104
273,5140.74856,58.76524698888695,159.2567565505262
274,5438.749918,61.76339206348521,164.404760786992
275,5237.383053,60.01611842519658,163.71259648954447
276,5313.544583,60.39533487932138,161.1579668689927
277,5227.628771,60.03112673118264,164.67553643179815
278,5373.646916,61.40280668493729,166.2241572114119
279,5437.643077,61.575752884722746,162.62060578628655
280,5216.228033,59.65607368591815,161.87506746215135
281,5385.480808,61.51805996464832,166.3905322836054
282,5211.048915,58.95041696989526,155.25009341517477
283,5065.027436,58.05106778084385,158.42505811560932
284,5502.769116,62.72502647171747,168.68617175368095
285,5341.909994,61.12666431159514,166.1074769119584
286,5436.273144,63.44693338256983,181.44657181016262
287,5349.47632,61.160156301413615,165.81186964526066
288,5418.032812,62.07587111986579,169.2559768912885
289,5033.527196,57.978145814290336,160.32085847506406
290,5257.088886,60.445851306296056,166.36777252524735
291,5312.334438,60.5904649255159,163.21011279279762
292,5260.198773,60.50904662224938,166.7405684538151
293,5379.951049,61.54909779761395,167.1617238582663
294,5218.439848,59.642281389995084,161.55282652887416
295,5258.868608,60.53223446752197,167.0832940247477
296,5228.695879,59.833280556415204,162.60814894777184
297,5385.482223,61.78560844437724,169.06589917385796
298,5276.478434,60.332327405685646,163.61673785227268
299,5452.343127,61.91465409539466,164.78461373101928
300,5590.197225,63.74299555708858,171.58018680179686
301,5497.214373,62.87197838054003,170.61858608248738
302,5240.582254,59.74986371021238,160.78344923987459
303,5585.205782,63.57549959338592,170.32118077102112
304,5101.12331,58.64598953159792,161.36628611806626
305,5105.384276,58.745442891967436,162.00573923424253
306,5311.804148,60.67547348070809,164.10438909981903
307,5385.50326,61.30029995112935,164.21106116792708
308,5410.423159,62.23827909469489,171.51419434120757
309,5245.352916,60.01697996281525,163.05705660559022
310,5750.65874,66.00628462679654,180.84128460422198
311,5368.10482,61.785772937725675,170.51566101052396
312,5352.744441,61.34924894255955,167.4304527018235
313,5237.483258,60.77483138553016,171.2913757093347
314,5301.573578,60.92594651444377,167.4616669897768
315,5346.607573,61.202054750142956,166.46991640013124
316,5175.860972,59.87758935486377,167.45414591814284
317,5409.548556,61.499220523887736,164.19649224618794
318,5418.257899,62.316062435774334,171.6391327382898
319,5133.99123,58.78218075591479,159.98920504004212
320,5008.655604,56.8311045780953,150.92307880585935
321,5282.746949,60.52558755654406,165.02696311872475
322,5222.652188,59.77947212028151,162.5737055444311
323,5456.049142,62.55576949836327,170.88693314297623
324,5285.308287,60.938199452137205,168.93963723511996
325,5598.949179,64.20642939369729,175.48519566511766
326,5654.365924,65.03130791449226,179.1159188025005
327,5550.646774,63.78015213435553,175.24762351066323
328,5514.244476,63.32423146437406,173.72194166639073
329,5523.953826,63.579774064671135,175.46825512346672
330,5472.972493,62.034902751701864,164.26798643114955
331,5688.247112,64.78419669120116,173.8213742137025
332,5624.308919,64.28171481078328,174.12473816935736
333,5415.421982,61.908610723720145,167.80094209126491
334,5504.477504,63.364379269744674,174.93733405237734
335,5439.113783,62.70269313509511,173.7674494217211
336,5556.756289,63.580616394088466,172.74313986859258
337,5555.430814,63.22838579176821,169.33129007059125
338,5544.779875,63.32408297112206,171.17584014351027
339,5422.688289,63.059727084364404,178.70658008204794
340,5231.064509,60.03970541875715,164.4750117936479
341,5508.405478,63.13637717259806,172.32998189612712
342,5531.305757,63.66049786722204,175.66283227018138
343,5455.970909,62.54056496538336,170.74140721202735
344,5425.787343,61.95157273134626,167.36678208645364
345,5626.516107,64.28659156884042,173.989573473583
346,5498.208381,63.03982854889634,172.21425374075662
347,5601.02545,64.14440165797464,174.69189572540026
348,5294.588152,60.56245062585716,164.40882693203923
349,5437.19148,61.94057386450639,166.3064486383526
350,5481.019993,62.98189836462971,173.0673175965811
351,5458.835929,62.14423159180216,166.5393218652991
352,5486.386382,62.517184866517546,167.97298346644783
353,5597.064412,64.32106011902776,176.78856685890406
354,5610.28857,64.20101558234195,174.48610836236912
355,5420.971753,62.088236479908666,169.13471869965466
356,5585.769502,63.72213559987842,171.74056415805202
357,5408.045313,61.71492254061601,166.47878267144003
358,5627.850018,64.1690627000921,172.70312550522402
359,5374.835008,61.7698671386298,169.79575404858358
360,5334.70782,61.29346389222427,168.37565395853963
361,5236.586548,60.554372791716204,169.1615156248558
362,5203.841306,59.71702125447179,163.51677035302876
363,5543.974202,63.77507312212857,175.7528810396758
364,5286.957559,60.189076106773,161.31096445559797
365,5400.254648,61.619106579507736,166.16984513700677
366,5460.740906,62.380986520560356,168.7481230046888
367,5385.233263,61.84014851457354,169.63204654368576
368,5333.262502,60.928345236453104,164.84491057279743
369,5354.758235,61.57919197970873,169.56206687814242
370,5387.709438,61.374678151748846,164.7709950544202
371,5511.272072,63.28176590238061,173.54498631620942
372,5297.521287,60.459814211911414,163.13803487745972
373,5399.837047,61.79890919536084,168.0026713729052
374,5495.582089,62.91377522367575,171.17257817922777
375,5410.184842,61.567315741727676,164.82442060966343
376,5243.271024,59.769766110653975,160.75840911468168
377,5548.942623,63.548162239095596,173.06973712419588
378,5464.371878,62.359258872855236,168.2282655691126
379,5531.318696,63.444687769065155,173.5036529937187
380,5533.586963,63.33503901452999,172.21814320460845
381,5237.049701,59.72324364583299,160.81162804213315
382,5322.444615,61.69823154338842,173.44526414877672
383,5399.383867,62.24954684131961,172.54681284473543
384,5281.753719,60.07446958699125,160.5985525901192
385,5437.516405,62.09503681974163,167.82400115307232
386,5492.762395,62.86227001457253,170.89250052307162
387,5378.964161,62.853693857016964,180.28992513078467
388,5393.596326,62.09751291934914,171.50876872361212
389,5643.316711,64.59413639744558,175.66497140435442
390,5644.272674,64.55517528099935,175.19569662271425
391,5326.764882,61.497543516160945,171.07836162307737
392,5423.82787,62.25767432493463,170.59108742084905
393,5688.875894,65.08785464601792,176.80555531574277
394,5695.817444,65.57268651702817,181.0754114737129
395,5534.094409,63.297373532488095,171.799201214635
396,5635.855182,64.30910497917608,173.4364513239402
397,5600.612673,64.25566079206388,175.83888518456442
398,5802.50723,66.39748029349253,180.43253380087052
399,5523.407739,63.33257035010253,173.04172522245605
400,5641.27323,64.41551476880285,174.04904515350304
401,5509.603497,63.81732530746331,179.03962830255378
402,5633.518091,64.278247694893,173.32263600833934
403,5482.041658,62.86747399030882,171.8379350654342
404,5382.729929,61.82366145647983,169.67578718289255
405,5628.31201,64.39517300231071,174.92572917559895
406,5339.874413,61.573432105881665,170.74478663206617
407,5502.732819,63.23483820405415,173.78731379045988
408,5393.961279,62.26853597884568,173.18858656330147
409,5695.366698,64.95190645798093,174.905173079651
410,5623.153026,64.16164096073102,173.02032412738512
411,5512.883986,63.151986590113985,172.11286705092036
412,5603.200598,64.23755181074624,175.44213490139498
413,5349.472342,61.55906279995829,169.8012661485748
414,5551.414198,63.647064482594345,173.85279500190535
415,5635.443897,65.26401482578653,183.01982348392906
416,5664.645892,64.99935238804821,177.9396995282752
417,5402.433791,62.9139366804488,178.936550855882
418,5568.162375,64.1295694234545,177.282163002708
419,5607.129178,64.32457240315198,175.98495916425108
420,5609.14578,64.20001326648028,174.5713176974427
421,5609.00429,64.082063787211,173.4036137188937
422,5539.366974,63.67357643753743,175.1218499033936
423,5380.110231,61.58767160945275,167.53419687434427
424,5622.120898,64.0869993607263,172.35991874012325
425,5362.804856,61.60471241458504,169.14671951792346
426,5486.304116,62.9690405324312,172.49839569099
427,5729.736573,65.7235510479121,179.75746270496035
428,5586.186359,64.12643714106854,175.74884147642297
429,5466.711878,62.58138318548429,170.25450865362498
430,5632.424114,64.86560354347934,179.28735925358458
431,5607.603246,64.38911873400468,176.5909168653044
432,5765.699178,65.95204734337365,179.04554195660924
433,5585.63918,63.95244467042751,174.05451502747195
434,5801.435499,66.51150264888118,181.66206827198815
435,5735.355814,65.79179216108923,179.97160381163252
436,5795.454937,66.3148216506694,180.19363844968456
437,5800.194216,66.00833381482303,176.73382011872914
438,5801.435499,66.51150264888118,181.66206827198815
439,5779.229532,65.96004980743342,177.9980370524735
440,5691.494953,65.30752639801538,178.78401789749628
441,5807.770943,66.40930489038952,180.11213695728128
442,5801.435499,66.51150264888118,181.66206827198815
443,5742.506347,66.02167211325063,181.67452551609216
444,5467.203944,63.386800365169016,178.26767501498938
445,5721.753861,65.53806926308835,178.56787087219243
446,5612.472385,64.47107907995395,177.0047587495805
447,5650.113847,64.79945574504337,177.15173685244662
448,5620.962372,64.52102726442529,176.79674164537724
449,5601.813226,64.98835669610924,183.06579816499877
450,5745.009193,65.836676123027,179.6159951336012
451,5631.655245,64.64151645642636,177.11056080085902
452,5674.286103,64.97720876838557,176.91491245952685
453,5718.715607,65.40565046516879,177.4968707523595
454,5736.022623,65.69901639679827,178.988278694118
455,5734.500611,65.63628229242661,178.48777197615334
456,5646.690984,64.6268621186276,175.71103916731826
457,5696.257453,65.1864006440299,177.17588533339162
458,5569.191545,63.766079483686674,173.5614994533216
459,5707.288659,65.2472927184512,176.86553896189199
460,5679.913336,65.00465101454519,176.72039881965847
461,5664.410683,65.052774935065,178.4935257931403
462,5611.956737,64.0391188416554,172.72812702691607
463,5599.857567,64.23556759367594,175.70087868850956
464,5801.435499,66.51150264888118,181.66206827198815
465,5603.737073,64.23705927429357,175.3925032976135
466,5680.549157,64.96166278024666,176.23753135961888
467,5521.527551,63.62275762282619,176.1002802792844
468,5603.060627,64.10857529639816,174.1640340753384
469,5726.303512,65.5472550487088,178.2805911871569
470,5684.531297,65.17851378822455,178.07419644252647
471,5620.451649,64.47566128232069,176.38564211298237
472,5771.43758,66.28019844762822,181.84885277784585
473,5663.534631,64.818306799259,176.22184871406643
474,5641.145564,64.47236369373738,174.62817329603385
475,5774.056089,66.1138666986511,179.96732621528858
476,5604.432608,64.24134728825514,175.37742218636942
477,5665.904292,65.03130281421042,178.15433713536262
478,5660.569232,65.07317742641393,179.01767161084308
479,5735.84963,65.82544219821223,180.26695280188656
480,5792.846174,66.26346596423647,179.89747846407985
481,5670.773623,65.06346145851496,178.07014604293954
482,5721.166191,65.43371113642183,177.57326212560835
483,5693.36235,65.30671809280369,178.62031844783507
484,5790.154031,66.15780499960556,179.0652141084921
485,5800.838802,66.4210076453823,180.80684297146493
486,5679.22468,64.85846821707322,175.3159588059014
487,5609.928701,64.67171973037144,179.22313892788372
488,5733.209478,65.753080371157,179.7633471939657
489,5680.330026,65.16368630584188,178.27602755561142
490,5681.722608,64.982608044418,176.34919641145643
491,5656.898556,64.67896028807779,175.3813898999082
492,5796.317606,66.24311475385713,179.40468033650407
493,5549.083935,63.747406652785116,175.05040531221997
494,5506.751449,63.0022125630305,171.12617153735508
495,5662.433075,65.13928664868328,179.52344359444547
496,5768.513828,65.85653226056179,177.85583689971958
497,5711.160115,65.39694317858695,178.039422162063
498,5519.742623,63.39217184924759,173.9431665661204
499,5667.809571,65.02515307573807,177.9340665380824
500,5338.677007,61.47327032381933,169.84295266809963
501,5506.270405,63.073632619160676,171.8804591240414
502,5319.7421,60.77474369766422,164.43559529251226
503,5741.794164,65.3880983542405,175.39813658172912
504,5494.14699,63.200558868157565,174.16000621436856
505,5373.592897,62.34099880285162,175.6105799040352
506,5601.12371,64.25053830616943,175.7450738987815
507,5579.518756,63.74050557466227,172.4451593799804
508,5524.720989,63.57865864801809,175.3931707120553
509,5555.852635,63.64808521670812,173.49313260950356
510,5625.045966,64.15961251545387,172.84229464158315
511,5370.237319,60.969694883857436,162.17717225357998
512,5595.226027,63.989584565790274,173.6270100956738
513,5258.600512,61.73968290453863,179.18011971092227
514,5692.77946,65.49179809269505,180.51969257822864
515,5612.981275,64.27866215495692,175.03818197803227
516,5577.492766,64.20351125439316,177.24404871533307
517,5367.924159,61.48182061166515,167.4911928337692
518,5559.384845,63.839361387854254,175.11154349781245
519,5188.111351,60.510102501496796,172.7584124153867
520,5497.849578,63.96602213344682,181.50608985441926
521,5679.791212,64.99194196566789,176.60348528876048
522,5336.140404,61.02691506776623,165.5907836981342
523,5461.869747,62.72542555200747,172.09844326259199
524,5618.10913,64.0676731759099,172.50097090375857
525,5616.438143,64.53320634123443,177.29555147391065
526,5668.92689,65.08440372168288,178.43346301155378
527,5541.984539,63.62340201192236,174.4019752191045
528,5627.449431,64.31107317228128,174.15661249876683
529,5479.623796,62.52836249130028,168.64830855854945
530,5387.141192,61.673271787542724,167.80428521170202
531,5237.321407,60.34232623917181,166.97981179123946
532,5278.283358,60.89521784838421,169.09523198536002
533,5522.634254,62.885061364809125,168.63109244667086
534,5409.669211,62.327189455957615,172.46612694021925
535,5403.437906,61.78710210226739,167.5845288206337
536,5442.151821,63.21363794932454,178.6237277822052
537,5508.968697,62.92320471441437,170.1513224140682
538,5433.651967,61.89685401196202,166.16420956646985
539,5383.592227,61.63549236138145,167.7222380108593
540,5520.923492,63.42294126727528,174.15245498973593
541,5485.750924,62.852988409393696,171.38397379767747
542,5518.564511,63.37389807503504,173.85860485097294
543,5340.584947,61.62414420023044,171.19269639649798
544,5402.731129,61.76617820770189,167.43418802943367
545,5671.690931,64.99447809477765,177.30387005946707
546,5473.975733,63.039405332037774,174.2294089031089
547,5415.966773,62.23210137459499,170.990449322662
548,5430.581333,62.397295007692755,171.4245056241456
549,5666.784839,65.05305875121215,178.29851757028123
550,5460.085538,62.36449883753656,168.6378602027011
551,5597.170133,64.27344239339686,176.303579529809
552,5525.788682,63.57967454925746,175.3143553031027
553,5579.349055,64.01281711066937,175.18241649277405
554,5481.153622,62.94188052077457,172.65600336800168
555,5556.197433,63.694863108487084,173.93217834987706
556,5668.475089,64.67669645767523,174.3940404677541
557,5510.240174,62.92218915099588,170.0352103842087
558,5252.544469,60.100776702078065,163.29572795051178
559,5535.660906,63.47949518405941,173.48987633210388
560,5788.513562,66.24871139846778,180.11098379624335
561,5614.092699,64.07918819383457,172.9508236706705
562,5505.591716,63.1721487950622,172.92217825693206
563,5469.204315,62.79952224702767,172.2281962492465
564,5741.255487,65.6017252229452,177.57929498234145
565,5617.583466,64.30944194576968,174.9624639648504
566,5684.067653,65.08648223533731,177.19251796423978
567,5785.59671,66.23281807131586,180.19512151929638
568,5473.318794,62.65768995282779,170.46700006934188
569,5482.605544,63.85939878469133,181.71019255214208
570,5449.479119,62.62162151513185,172.09295526138814
571,5778.039393,66.12788895070302,179.77560678820072
572,5659.50906,64.82777100918466,176.65195505836726
573,5572.214255,63.79205731525579,173.56938526081848
574,5742.711615,65.85520819011438,179.99278068821994
575,5507.853423,63.30182631220923,174.0304778760247
576,5590.732575,64.10803694638798,175.18598823432743
577,5597.220987,64.04498878078562,174.01480554301992
578,5618.650467,64.22461345403396,174.02526229019315
579,5535.467222,63.4027272183494,172.73833704177704
580,5587.130509,64.07136634086936,175.1194543074289
581,5518.666871,63.23749593268242,172.4860534042829
582,5353.984745,62.081723343515826,174.65183803867302
583,5531.077722,63.287205858930434,171.9489151072817
584,5691.097441,65.13370076756672,177.07888756337476
585,5627.577951,64.29873688060016,174.02253952628084
586,5558.579109,63.699683516776894,173.78190942697057
587,5277.460089,60.692627869501884,167.13793790601096
588,5258.072319,60.48563541500077,166.68366091377035
589,5378.757968,61.20644973225203,163.83466664512753
590,5364.370689,61.64417686181345,169.41087785457603
591,5623.529493,64.69401440686448,178.31268628515124
592,5449.421076,62.84072286694483,174.2888056313449
593,5446.414991,62.47451540629865,170.8772381776192
594,5386.724273,61.38512737747648,164.95758437979242
595,5290.438618,61.40411403329909,173.17125553143276
596,5101.769184,58.547458337020196,160.3271513869465
597,5541.710789,62.801229273850986,166.20306034183398
598,5666.943354,64.90490726349871,176.80379316813793
599,5540.264127,63.533811537519796,173.64943815605847
600,5617.515912,63.94690175965162,171.34269160570318
601,5347.483219,61.26283328385116,167.00473128772455
602,5494.637425,62.869654650795475,170.81009439604193
603,5319.602236,61.76263146198541,174.32612827129864
604,5515.573045,63.75634482920019,177.93236124551743
605,5593.092788,63.77945502161769,171.70348452642006
606,5651.001272,64.4311229282264,173.3944566296845
607,5628.80476,64.25354105233455,173.46834718753365
608,5518.417601,62.7036464173315,167.16833078657734
609,5254.436704,60.27048479136696,164.83512260433855
610,5543.572321,63.56677004799294,173.70334035648975
611,5511.165793,62.7351146164141,168.0873300505231
612,5612.63213,64.4730206617812,177.01086248080162
613,5540.802014,63.75796506167986,175.84614947814387
614,5599.052081,64.03532522851988,173.76557887417974
615,5505.337633,63.250450659161224,173.72637053825355
616,5745.05421,65.83719919264335,179.61747444365997
617,5614.657888,64.46173309662802,176.72917361437766
618,5660.1181,64.82050143976666,176.52850609358032
619,5742.644338,65.38090253027767,175.25533051086447
620,5449.534556,62.976488501532955,175.637005351187
621,5549.30503,63.73984524118444,174.95636660867018
622,5605.265855,64.48769565637535,177.77146864629074
623,5612.518951,64.26024036008114,174.89249101218664
624,5542.240035,63.549629362251245,173.6429573574363
625,5629.034698,64.58304449936556,176.74422013432442
626,5521.481507,63.27524262487255,172.6289673264356
627,5632.380669,64.4773558605289,175.40850285094288
628,5728.840404,65.723662021944,179.83325321052342
629,5711.711233,65.44654720821187,178.48953603568177
630,5455.63115,62.60071206645603,171.37119147733065
631,5494.08597,62.783258363544704,169.99208615676014
632,5772.368537,65.7684002929847,176.65329153844795
633,5464.0654,62.85990165273995,173.26023317414413
634,5593.198094,64.00928228559165,173.9929816891966
635,5695.359905,65.16848270480527,177.07150165719392
636,5685.727192,65.04661000794117,176.65550078762666
637,5584.593119,64.31700023312297,177.78724245447575
638,5676.794422,65.100120704089,177.93500521968846
639,5531.031221,63.44176592942227,173.49839087915853
640,5795.048828,66.2961064761416,180.04032908462085
641,5807.489546,66.34378095677292,179.4803473659462
642,5601.34779,64.29012978364354,176.12231534955063
643,5801.435499,66.51150264888118,181.66206827198815
644,5698.658963,65.17689249801202,176.88067802996144
645,5697.450131,65.15271780373506,176.73966714087848
646,5722.194202,65.66821841593679,179.83266731899735
647,5716.865377,65.66323032470846,180.2268551261328
648,5735.355814,65.79179216108923,179.97160381163252
649,5765.004176,65.83544657896856,177.93745109967435
650,5541.829905,63.94840162768144,177.66485755945803
651,5769.612593,65.88673708766306,178.06632148578242
652,5778.879444,66.02786804697753,178.70539343461257
653,5422.436931,63.30094698544246,181.13972563905088
654,5790.383964,66.26398415959866,180.10784463703894
655,5755.067057,65.79986060542092,178.40968466686243
656,5766.790565,65.75140512171038,176.94817081979846
657,5801.435499,66.51150264888118,181.66206827198815
658,5714.975789,65.50147535363074,178.766771135035
659,5743.253199,66.18423628832686,183.23792960636231
660,5700.675199,65.31933124459493,178.1370458922599
661,5669.550947,64.74472332695179,174.98465437194832
662,5801.435499,66.51150264888118,181.66206827198815
663,5709.709027,65.43701330590174,178.5610474656549
664,5564.490034,64.0109688715947,176.4021858480901
665,5481.847419,62.55032042892933,168.68258604593436
666,5608.084802,64.42467751924869,176.90637502838678
667,5740.820951,65.85870053389505,180.18525945595113
668,5679.409723,64.81105716643563,174.82642808907784
669,5679.985974,65.19620373070138,178.62987281807827
670,5693.788787,65.17716561753883,177.28925723049088
671,5557.573633,63.838730756002384,175.25617144603092
672,5749.935238,65.8492790180448,179.3315203738424
673,5727.550805,65.5933517455005,178.6376170600827
674,5682.348338,65.28665553652951,179.3375271743045
675,5677.852719,65.14971423371777,178.34274905481328
676,5775.246591,66.13043748458414,180.03382557743365
677,5588.885302,64.15563454169906,175.8159035512366
678,5668.628498,64.77413395595936,175.35563142184094
679,5568.491261,63.68275054292688,172.78656697430137
680,5801.435499,66.51150264888118,181.66206827198815
681,5664.847064,65.07039870378466,178.63339834721947
682,5706.707639,65.27793441902624,177.22037425363735
683,5686.144476,65.37475118946766,179.90213886270564
684,5801.435499,66.51150264888118,181.66206827198815
685,5615.961689,64.43321344163085,176.33532702682152
686,5768.552154,66.27216602635102,182.0089807879979
687,5618.348911,64.54818501106381,177.28610752386393
688,5736.618969,65.76743954215866,179.62281470068783
689,5728.058076,65.5353219449142,178.0150464315191
690,5735.355814,65.79179216108923,179.97160381163252
691,5801.435499,66.51150264888118,181.66206827198815
692,5530.078142,63.421928253167046,173.37943737248835
693,5745.476329,65.84104061810949,179.620712131727
694,5678.159064,64.93650911141349,176.18516915125923
695,5754.607305,65.81806791925487,178.630070483481
696,5615.676747,65.15013141189812,183.52825187027207
697,5768.200204,65.85175438652522,177.8341935579923
698,5779.756733,66.18918689884835,180.2454745954407
699,5686.00487,65.2047654703778,178.2139155603488
700,5789.619963,66.23692811353943,179.90095087225302
701,5604.873542,64.36779630788106,176.60516791198097
702,5728.303427,65.57143744515746,178.3557555453708
703,5713.309708,65.42482810737366,178.13913873936178
704,5619.493707,64.01513431529003,171.86020087468475
705,5654.61436,64.68155971357842,175.59773383034795
706,5740.690464,65.83608270351596,179.96995507188691
707,5664.588878,64.92069534671865,177.1578802788867
708,5570.000388,63.65929906731776,172.42629165010626
709,5474.747264,62.66375724519303,170.4086337925463
710,5616.061174,64.12836667330845,173.27856887572258
711,5488.295386,63.86797221350709,181.32177328270672
712,5656.792731,64.67831007114569,175.383706443486
713,5654.356558,65.54759829705422,184.27960310566718
714,5595.76191,64.33828349690265,177.0693425038363
715,5588.127196,64.62251286664234,180.54786229932142
716,5813.522103,66.46558671016952,180.1956918614158
717,5573.421023,63.82321944168314,173.7804424745504
718,5723.181034,65.35142359661099,176.58248311477504
719,5749.231672,65.84420401589172,179.3394008566826
720,5538.533022,64.38090474522743,182.2646289118749
721,5555.627282,63.549140302912264,172.52246282944185
722,5471.799232,63.86886742707108,182.7054049580221
723,5584.250495,64.0971883239664,175.61767529474307
724,5612.199011,64.3015408676915,175.33215778523967
725,5495.054657,62.987984657289765,171.95862513717577
726,5484.767831,63.854901768492304,181.48503177075696
727,5453.423349,62.08898836323398,166.43793786885036
728,5574.896344,64.00996166211586,175.52492131800255
729,5540.781621,63.54205087279674,173.6887069656515
730,5627.729055,64.19549012051421,172.97747995168592
731,5652.903968,64.4760324167251,173.68499351962996
732,5794.723646,66.11109877630786,178.21735055723482
733,5612.770266,64.28199037386932,175.08904827062523
734,5377.08475,61.489505491626595,166.80465905697213
735,5588.935389,63.81431545762145,172.3985388048673
736,5575.117444,63.63146375849927,171.72151721174677
737,5358.512434,61.71722376917301,170.629534833192
738,5347.597453,60.82713877706256,162.6382666818874
739,5396.917229,61.11355827036165,161.39248027635077
740,5398.537038,62.19251629920926,172.04707645162983
741,5574.902599,63.957163193279484,174.9964153149717
742,5290.738319,61.33427826548138,172.44792275370492
743,5728.346316,65.3946018386624,176.58382541817954
744,5064.748433,58.03169521212409,158.2545827082705
745,5586.858989,64.10697601273523,175.49817773542753
746,5481.184853,63.13546181637006,174.58921378764848
747,5572.180482,63.238795174785565,168.03957823629497
748,5580.542238,63.94476698198256,174.4024833165374
749,5460.510069,63.03218066122896,175.2793008386888
750,5456.403414,62.84419068390386,173.74162231248707
751,5647.678979,64.68809312488708,176.24101629059732
752,5801.435499,66.51150264888118,181.66206827198815
753,5525.337393,63.153074988604644,171.08596715965206
754,5538.958773,63.47018400484459,173.12194232103508
755,5687.076844,65.17181890471063,177.79511873145617
756,5353.096144,61.33831867299952,167.2918413983741
757,5555.665233,63.54454183655662,172.47331559621574
758,5487.57679,63.13074338813885,174.00936802620328
759,5483.616246,63.09685879763376,174.00056750022924
760,5674.737921,65.4902539560028,182.00771282665755
761,5597.951604,64.47663447157942,178.27037773840675
762,5753.367428,65.64519262389699,177.00464056821752
763,5663.947855,64.75920259199059,175.5963713513914
764,5715.255555,65.49794609135111,178.70816466577136
765,5622.486794,64.55594226075576,177.01885640879718
766,5734.443581,65.79083483700103,180.03804994168692
767,5662.416516,64.77560065220172,175.887963550401
768,5578.585533,63.86076393187135,173.7255115739771
769,5770.982659,66.10275659168134,180.11234432518825
770,5801.435499,66.51150264888118,181.66206827198815
771,5722.746718,65.31369800803448,176.24142028049204
772,5682.840447,65.00878533311162,176.51781608699136
773,5475.75434,62.80465337118523,171.73367201145575
774,5729.124335,65.5686443082258,178.25941513083288
775,5619.783807,64.53233006541726,177.0079833868758
776,5575.499051,63.71233625530507,172.4984416592597
777,5679.468328,65.15677809846105,178.2787536840944
778,5670.161145,65.3054384366475,180.54095562638312
779,5602.667842,64.38284841090545,176.93949731242563
780,5669.297063,65.52149537904101,182.77353190971536
781,5739.552004,65.84838074851405,180.18780716848238
782,5801.435499,66.51150264888118,181.66206827198815
783,5469.527285,63.05504007713228,174.75646038627383
784,5801.435499,66.51150264888118,181.66206827198815
785,5763.402036,65.86331658712628,178.34966285550382
786,5474.221387,62.883705783549296,172.6519422328296
787,5673.59757,65.12884793603197,178.48868183444222
788,5700.765964,65.01034435094087,175.03961313974116
789,5801.435499,66.51150264888118,181.66206827198815
790,5719.029337,65.50103816310803,178.42460354600584
791,5673.416469,65.09723764996961,178.18767070997117
792,5658.14418,64.98130614304732,178.30104645712058
793,5717.764523,65.50548898355564,178.57451289347327
794,5718.303664,65.48803991542893,178.35509378563881
795,5679.843428,65.15228098659132,178.20252423118043
796,5620.736118,64.18799352475551,173.48525872415334
797,5638.34801,64.66830745697857,176.8207404393541
798,5511.989464,63.1207097002202,171.87464170316335
799,5666.387352,65.29008053894943,180.70185937949552
800,5732.561007,65.70521314180625,179.33871419144555
801,5795.454937,66.3148216506694,180.19363844968456
802,5565.247309,63.915160293091404,175.38099382966757
803,5755.058179,65.89414650818398,179.35328347019308
804,5801.435499,66.51150264888118,181.66206827198815
805,5801.435499,66.51150264888118,181.66206827198815
806,5671.382669,65.08942886788932,178.27906628055246
807,5409.305802,62.79015671220022,177.12608362838236
808,5524.530121,64.19279823593473,181.55047231703747
809,5760.436379,65.95009185459868,179.46455359067684
810,5722.003669,65.5036115879787,178.20247678699263
811,5801.435499,66.51150264888118,181.66206827198815
812,5726.02091,65.8183455203152,181.01504603036227
813,5674.321305,64.97386219502891,176.87851323870967
814,5659.088214,64.81887237455375,176.59803928074217
815,5741.040073,65.40894370286598,175.66943094098778
816,5677.838251,65.14972748842844,178.3440873396129
817,5790.351854,66.38389106863855,181.30958950287632
818,5554.212272,65.08457998860207,187.9947772430936
819,5679.07448,65.09702979719687,177.71409133357025
820,5676.193304,65.09386668370752,177.92255819056598
821,5801.435499,66.51150264888118,181.66206827198815
822,5764.008674,66.06682848978858,180.33422873449777
823,5764.008674,66.06682848978858,180.33422873449777
824,5801.435499,66.51150264888118,181.66206827198815
825,5798.38244,66.32397546114257,180.04121798292982
826,5666.156896,65.03894871742132,178.20974585040832
827,5734.024786,65.7525379082804,179.68998025752845
828,5801.435499,66.51150264888118,181.66206827198815
829,5701.05623,65.60237621713279,180.93574302219739
830,5652.902226,64.74061714224224,176.3309858951147
831,5739.776556,65.59416613739775,177.62694840108517
832,5773.193392,66.32651009482684,182.16565157818192
833,5787.235663,66.15862578863462,179.31661932267028
834,5801.435499,66.51150264888118,181.66206827198815
835,5793.894481,66.32227245340383,180.39818448448284
836,5739.43355,65.82623592301061,179.97623002252047
837,5568.555829,64.12177091535165,177.17139005664203
838,5793.90987,66.25182400771077,179.69241757183687
839,5741.779467,65.69702018158169,178.48857959995524
840,5809.216698,66.4145074874454,180.04368339523128
841,5476.09769,62.8890215357334,172.5487411615683
842,5726.927369,65.74236368278308,180.17968938072028
843,5801.435499,66.51150264888118,181.66206827198815
844,5733.927276,65.77928150166989,179.9655419957653
845,5754.903558,65.73631277740164,177.78783127897975
846,5745.051079,65.74350627863893,178.68080616858978
847,5721.818137,65.39684643809647,177.15028633041692
848,5754.773562,65.96074024306738,180.04293896688884
849,5740.510281,65.85651603989479,180.18930362375872
850,5751.450425,65.77949731493251,178.50743774518844
851,5654.758313,65.15999499480658,180.3700905375966
852,5667.624264,65.6823740872931,184.52171884335175
853,5658.79524,65.29502946951874,181.3840246635918
854,5771.266964,66.0709092276643,179.77017858562894
855,5773.61885,66.41123848480329,182.9774806975061
856,5732.120029,65.72927375733653,179.61606848892242
857,5664.219095,65.01531705352846,178.13491263199595
858,5801.435499,66.51150264888118,181.66206827198815
859,5650.808643,64.6086241280918,175.18552107216965
860,5795.454937,66.3148216506694,180.19363844968456
861,5749.897562,65.61659704514942,177.0078402482935
862,5592.422264,64.16389273374772,175.60373865018667
863,5746.090619,65.7325333172382,178.48444822497785
864,5773.106184,65.94307391396588,178.33855711121095
865,5772.044725,66.18396064648944,180.83587939723913
866,5567.486348,63.73135344391085,173.3563387348163
867,5733.515806,65.7982866778473,180.18988296915384
868,5481.540985,62.90074140920008,172.2123319680597
869,5689.778138,64.85306939075515,174.38251575183415
870,5673.93225,65.12601669164303,178.43247942112933
871,5694.623742,65.61584892407777,181.6065107730934
872,5675.363615,65.12271858410064,178.2802179398128
873,5801.435499,66.51150264888118,181.66206827198815
874,5737.584186,65.8288174746245,180.15615925664403
875,5644.102522,64.84958034204509,178.15392657957213
876,5743.034386,65.79163201374728,179.33012130126917
877,5712.368156,65.42453162601265,178.21463656714886
878,5782.31812,66.1195601384027,179.3357580307373
879,5801.435499,66.51150264888118,181.66206827198815
880,5753.69597,65.69797268494068,177.50506271506887
881,5666.915109,65.33755614375771,181.13263570763132
882,5801.435499,66.51150264888118,181.66206827198815
883,5666.823375,64.99544015879566,177.7191203053544
884,5663.857559,65.44122690248878,182.42413908624658
885,5801.435499,66.51150264888118,181.66206827198815
886,5772.570613,66.06621908016099,179.61463972338632
887,5744.23024,65.73814474586013,178.69559413825002
888,5798.431337,66.43947134186017,181.19210200445065
889,5801.140005,66.36811990979668,180.25286536293177
890,5737.848394,65.79782876451911,179.82425484740435
891,5617.289297,64.37886350999067,175.68119368539234
892,5819.077742,66.39797897142354,179.05664453415835
893,5779.175244,66.14980456420037,179.90010867587716
894,5650.437158,64.6336028220799,175.46626504460573
895,5765.681059,66.18070721906442,181.33365059414172
896,5777.45019,65.91742280995408,177.72004562549697
897,5801.435499,66.51150264888118,181.66206827198815
898,5734.22103,65.61254122714963,178.27365979271636
899,5666.087314,64.83891003953588,176.2151575528389
900,5727.899417,65.60241520184213,178.69920060727543
901,5672.316267,64.92877079956652,176.59468577112094
902,5684.098314,64.8452384673999,174.77752520971205
903,5676.840429,65.10017713219887,177.93173557640043
904,5692.740481,65.26737025776559,178.27866248933054
905,5686.778396,64.99805612688473,176.08236158443208
906,5738.20636,65.79445480577546,179.7606847432571
907,5801.435499,66.51150264888118,181.66206827198815
908,5707.696982,65.42094978687918,178.56808271898987
909,5801.435499,66.51150264888118,181.66206827198815
910,5734.32382,65.76194478026159,179.75912947325938
911,5642.81794,64.54873041261115,175.2524757718021
912,5714.021126,65.19255920285438,175.7571648602426
913,5801.435499,66.51150264888118,181.66206827198815
914,5695.049107,65.0755588201318,176.16816262010119
915,5801.435499,66.51150264888118,181.66206827198815
916,5744.894646,65.81456323110365,179.40441177722707
917,5741.969502,65.78247931741922,179.3273346623701
918,5737.516544,65.65288984278726,178.40251973872194
919,5644.366654,64.70207103720415,176.65682256615872
920,5766.524277,65.89696335496637,178.42594379754854
921,5741.861724,65.85862219756476,180.09774494690228
922,5777.124595,66.17451740602736,180.31812447428652
923,5801.435499,66.51150264888118,181.66206827198815
924,5818.290682,66.52147180046887,180.35716121031106
925,5801.435499,66.51150264888118,181.66206827198815
926,5801.435499,66.51150264888118,181.66206827198815
927,5801.435499,66.51150264888118,181.66206827198815
928,5744.215671,65.69594912377615,178.27485198366097
929,5801.435499,66.51150264888118,181.66206827198815
930,5801.435499,66.51150264888118,181.66206827198815
931,5806.932829,66.43144394062716,180.4033703192667
932,5785.525266,66.15319940391677,179.40488851851856
933,5764.768932,66.38468196520041,183.44940862671527
934,5776.06776,66.53801745042337,184.0411944685586
935,5735.987174,65.81123437115828,180.11341251969688
936,5776.368738,65.83773839403435,177.0133224704786
937,5802.426276,66.40411984142644,180.50567543420365
938,5748.390688,65.85050843621161,179.4725270218938
939,5732.120029,65.72927375733653,179.61606848892242
940,5661.974047,64.89143715464422,177.08320098212644
941,5723.909125,65.51980564451578,178.20562940262437
942,5801.435499,66.51150264888118,181.66206827198815
943,5730.191976,65.7631510599724,180.1155126274495
944,5801.435499,66.51150264888118,181.66206827198815
945,5801.435499,66.51150264888118,181.66206827198815
946,5675.247281,65.11496852369146,178.21241185991428
947,5773.254772,66.12860540885596,180.18148978780633
948,5764.008674,66.06682848978858,180.33422873449777
949,5801.435499,66.51150264888118,181.66206827198815
950,5801.435499,66.51150264888118,181.66206827198815
951,5801.435499,66.51150264888118,181.66206827198815
952,5801.435499,66.51150264888118,181.66206827198815
953,5722.194202,65.66821841593679,179.83266731899735
954,5801.435499,66.51150264888118,181.66206827198815
955,5771.63733,66.35212597585476,182.55148222370357
956,5731.89117,65.74205961191315,179.76299861563524
957,5801.435499,66.51150264888118,181.66206827198815
958,5741.714449,65.76769759225158,179.20077186035877
959,5720.005282,65.67832144015826,180.11610757604993
960,5801.435499,66.51150264888118,181.66206827198815
961,5801.435499,66.51150264888118,181.66206827198815
962,5801.435499,66.51150264888118,181.66206827198815
963,5778.516952,66.13775440905174,179.83446476803752
964,5801.435499,66.51150264888118,181.66206827198815
965,5801.435499,66.51150264888118,181.66206827198815
966,5801.435499,66.51150264888118,181.66206827198815
967,5757.174044,65.8042680072714,178.27817638093535
968,5801.435499,66.51150264888118,181.66206827198815
969,5801.435499,66.51150264888118,181.66206827198815
970,5801.435499,66.51150264888118,181.66206827198815
971,5758.763403,65.91523771790692,179.25542695965802
972,5801.435499,66.51150264888118,181.66206827198815
973,5796.898911,66.49187431518001,181.84383389205283
974,5716.414359,65.26560965274479,176.28823331364134
975,5738.796942,65.80693497686728,179.83627124227587
976,5801.435499,66.51150264888118,181.66206827198815
977,5732.181477,65.57523612098673,178.07057149993818
978,5801.435499,66.51150264888118,181.66206827198815
979,5690.423733,65.25521692505622,178.3501915359033
980,5742.78196,65.85368068693816,179.9716435204314
981,5782.445061,66.51398079350018,183.269386210569
982,5724.365302,65.48170786642606,177.78663682425858
983,5773.969824,66.10601496165556,179.89599758260562
984,5794.468439,66.24949675869163,179.62259768942488
985,5801.435499,66.51150264888118,181.66206827198815
986,5738.77744,65.78493047108856,179.61785135142023
987,5572.210629,63.86464149781744,174.29552919543852
988,5801.435499,66.51150264888118,181.66206827198815
989,5801.435499,66.51150264888118,181.66206827198815
990,5797.439169,66.28094719824915,179.68954125572344
991,5801.435499,66.51150264888118,181.66206827198815
992,5736.925736,65.77633737414592,179.68622908345048
993,5801.435499,66.51150264888118,181.66206827198815
994,5789.860402,66.4078903021889,181.59053618016742
995,5801.435499,66.51150264888118,181.66206827198815
996,5801.435499,66.51150264888118,181.66206827198815
997,5737.6385,65.74065317995718,179.2699901230563
998,5687.616822,65.40936619183016,180.12559340021295
999,5801.435499,66.51150264888118,181.66206827198815
1000,5801.435499,66.51150264888118,181.66206827198815
1001,5732.654877,65.79118493754069,180.1906096413327
1002,5758.81261,65.9860487633671,179.95943681629583
1003,5764.000757,66.08751750240165,180.541778582565
1004,5742.72661,65.81114161857305,179.55086533954807
1005,5775.246591,66.13043748458414,180.03382557743365
1006,5801.435499,66.51150264888118,181.66206827198815
